{
  "project_info": {
    "project_number": "406625753880",
    "firebase_url": "https://mymemory-9bb26.firebaseio.com",
    "project_id": "mymemory-9bb26",
    "storage_bucket": "mymemory-9bb26.appspot.com"
  },
  "client": [
    {
      "client_info": {
        "mobilesdk_app_id": "1:406625753880:android:be4e8322d1c712eb",
        "android_client_info": {
          "package_name": "com.maiajam.mymemory"
        }
      },
      "oauth_client": [
        {
          "client_id": "406625753880-bhdo1l1e252cavb0s6aptker0cidd1ae.apps.googleusercontent.com",
          "client_type": 3
        }
      ],
      "api_key": [
        {
          "current_key": "AIzaSyCP5pGyDBLjzH2QbRgzIX7wtKznqnNzPcw"
        }
      ],
      "services": {
        "appinvite_service": {
          "other_platform_oauth_client": [
            {
              "client_id": "406625753880-bhdo1l1e252cavb0s6aptker0cidd1ae.apps.googleusercontent.com",
              "client_type": 3
            }
          ]
        }
      }
    }
  ],
  "configuration_version": "1"
}